rarity, ship, name, source, image
3, Admiral, Admiral Mura, https://www.pixiv.net/artworks/69785831, https://amusementclub.nyc3.cdn.digitaloceanspaces.com/cards/kancolle/3_admiral_mura.jpg
3, Abyssal, Air Defense Hime, https://www.pixiv.net/artworks/68790083, https://amusementclub.nyc3.cdn.digitaloceanspaces.com/cards/kancolle/3_air_defense_hime.jpg
3, Yamashiro, Bashful Yamashiro, https://www.pixiv.net/artworks/58024565, https://amusementclub.nyc3.cdn.digitaloceanspaces.com/cards/kancolle/3_bashful_yamashiro.jpg
3, Admiral/Asagumo/Fusou/Michishio/Yamagumo/Yamashiro, Battle Of Surigao Strait, https://www.pixiv.net/artworks/50347932, https://amusementclub.nyc3.cdn.digitaloceanspaces.com/cards/kancolle/3_battle_of_surigao_strait.jpg
3, Mutsu/Nagato, Beach Secretaries, https://www.pixiv.net/artworks/52404675, https://amusementclub.nyc3.cdn.digitaloceanspaces.com/cards/kancolle/3_beach_secretaries.jpg
3, Naganami, Break For Bubble Tea, https://www.pixiv.net/artworks/76354107, https://amusementclub.nyc3.cdn.digitaloceanspaces.com/cards/kancolle/3_break_for_bubble_tea.jpg
3, Shoukaku/Zuikaku, Cardiv 5 Maids, https://www.pixiv.net/artworks/58293199, https://amusementclub.nyc3.cdn.digitaloceanspaces.com/cards/kancolle/3_cardiv_5_maids.jpg
3, Shigure, Date With Shigure, https://www.pixiv.net/artworks/60380013, https://amusementclub.nyc3.cdn.digitaloceanspaces.com/cards/kancolle/3_date_with_shigure.jpg
3, I-58, Dechi Note, https://www.pixiv.net/artworks/48569125, https://amusementclub.nyc3.cdn.digitaloceanspaces.com/cards/kancolle/3_dechi_note.jpg
3, Akigumo/Kazagumo, Doujin Circle Autumn Cloud, https://seiga.nicovideo.jp/seiga/im8934535, https://amusementclub.nyc3.cdn.digitaloceanspaces.com/cards/kancolle/3_doujin_circle_autumn_cloud.jpg
3, Abyssal, European Hime, https://seiga.nicovideo.jp/seiga/im6992439, https://amusementclub.nyc3.cdn.digitaloceanspaces.com/cards/kancolle/3_european_hime.jpg
3, Admiral/Hibiki/Inazuma, Kamio Reiji, https://www.pixiv.net/artworks/65462198, https://amusementclub.nyc3.cdn.digitaloceanspaces.com/cards/kancolle/3_kamio_reiji.jpg
3, Asashimo/Ashigara/Kasumi/Kiyoshimo/Ooyodo, Kimura Raiding Force, https://www.pixiv.net/artworks/58346231, https://amusementclub.nyc3.cdn.digitaloceanspaces.com/cards/kancolle/3_kimura_raiding_force.jpg
3, Admiral, Narumi Tsuyu, https://www.pixiv.net/artworks/52198198, https://amusementclub.nyc3.cdn.digitaloceanspaces.com/cards/kancolle/3_narumi_tsuyu.jpg
3, Asagumo/Fusou/Michishio/Mogami/Shigure/Yamagumo/Yamashiro, Nishimura Fleet, https://www.pixiv.net/artworks/66469254, https://amusementclub.nyc3.cdn.digitaloceanspaces.com/cards/kancolle/3_nishimura_fleet.jpg
3, Akagi, Onee-sie Akagi, https://www.pixiv.net/artworks/48453671, https://amusementclub.nyc3.cdn.digitaloceanspaces.com/cards/kancolle/3_onee-sie_akagi.jpg
3, Kasumi, Operation Ten-go, https://www.pixiv.net/artworks/54814831, https://amusementclub.nyc3.cdn.digitaloceanspaces.com/cards/kancolle/3_operation_ten-go.jpg
3, Shimakaze, Schoolday Shimakaze, https://www.pixiv.net/artworks/39406050, https://amusementclub.nyc3.cdn.digitaloceanspaces.com/cards/kancolle/3_schoolday_shimakaze.jpg
3, Shiranui, Shiranui Sparkle, https://twitter.com/ebihurya332/status/1171107526705737728, https://amusementclub.nyc3.cdn.digitaloceanspaces.com/cards/kancolle/3_shiranui_sparkle.jpg
3, Amatsukaze, Soda For The Admiral, https://www.pixiv.net/artworks/45049727, https://amusementclub.nyc3.cdn.digitaloceanspaces.com/cards/kancolle/3_soda_for_the_admiral.jpg
3, Shimakaze, Surfing Shimakaze, https://www.pixiv.net/artworks/40586032, https://amusementclub.nyc3.cdn.digitaloceanspaces.com/cards/kancolle/3_surfing_shimakaze.jpg
3, Admiral, T-head Admiral, https://www.pixiv.net/artworks/38442034, https://amusementclub.nyc3.cdn.digitaloceanspaces.com/cards/kancolle/3_t-head_admiral.jpg
3, Kaga, Traditional Dress, https://www.pixiv.net/artworks/63793011, https://amusementclub.nyc3.cdn.digitaloceanspaces.com/cards/kancolle/3_traditional_dress.jpg
3, Musashi/Yamato, Yamato Class Sisters, https://www.pixiv.net/artworks/56478934, https://amusementclub.nyc3.cdn.digitaloceanspaces.com/cards/kancolle/3_yamato_class_sisters.jpg
3, Admiral/Mochizuki, Yume No Owari, https://www.pixiv.net/artworks/58113122, https://amusementclub.nyc3.cdn.digitaloceanspaces.com/cards/kancolle/3_yume_no_owari.jpg
2, Hibiki, Admiral Hibiki, https://www.pixiv.net/artworks/54317550, https://amusementclub.nyc3.cdn.digitaloceanspaces.com/cards/kancolle/2_admiral_hibiki.jpg
2, Agano/Noshiro/Sakawa/Yahagi, Agano Class, https://twitter.com/i/web/status/979749100047384576, https://amusementclub.nyc3.cdn.digitaloceanspaces.com/cards/kancolle/2_agano_class.jpg
2, Abyssal, Aircraft Carrier Princess, https://www.pixiv.net/artworks/51609463, https://amusementclub.nyc3.cdn.digitaloceanspaces.com/cards/kancolle/2_aircraft_carrier_princess.jpg
2, Akitsushima, Akitsushimas Seaplane, https://www.pixiv.net/artworks/50783647, https://amusementclub.nyc3.cdn.digitaloceanspaces.com/cards/kancolle/2_akitsushimas_seaplane.jpg
2, Amatsukaze, Amatsukaze In Action, https://www.pixiv.net/artworks/54256793, https://amusementclub.nyc3.cdn.digitaloceanspaces.com/cards/kancolle/2_amatsukaze_in_action.jpg
2, Abyssal, Ancient Destroyer Hime, https://www.pixiv.net/artworks/62053675, https://amusementclub.nyc3.cdn.digitaloceanspaces.com/cards/kancolle/2_ancient_destroyer_hime.jpg
2, Abyssal, Anti-submarine Warfare, https://www.pixiv.net/artworks/65480666, https://amusementclub.nyc3.cdn.digitaloceanspaces.com/cards/kancolle/2_anti-submarine_warfare.jpg
2, Arare/Arashio/Asagumo/Asashio/Kasumi/Michishio/Ooshio/Yamagumo, Asashio Class, https://www.pixiv.net/artworks/56744855, https://amusementclub.nyc3.cdn.digitaloceanspaces.com/cards/kancolle/2_asashio_class.jpg
2, Atago, Atago Victory Pose, https://www.pixiv.net/artworks/55189820, https://amusementclub.nyc3.cdn.digitaloceanspaces.com/cards/kancolle/2_atago_victory_pose.jpg
2, Kiyoshimo, Battleship Kiyoshimo, https://twitter.com/i/web/status/1111229621331070977, https://amusementclub.nyc3.cdn.digitaloceanspaces.com/cards/kancolle/2_battleship_kiyoshimo.jpg
2, Johnston, Bikini Johnston, https://www.pixiv.net/artworks/76540695, https://amusementclub.nyc3.cdn.digitaloceanspaces.com/cards/kancolle/2_bikini_johnston.jpg
2, Ark Royal/Bismarck, Bismarck And Ark Royal, https://seiga.nicovideo.jp/seiga/im8786811, https://amusementclub.nyc3.cdn.digitaloceanspaces.com/cards/kancolle/2_bismarck_and_ark_royal.jpg
2, Ooyodo, Bunny Ooyodo, https://www.pixiv.net/artworks/67600803, https://amusementclub.nyc3.cdn.digitaloceanspaces.com/cards/kancolle/2_bunny_ooyodo.jpg
2, Hiryuu/Soryuu, Bunny Soryuu And Hiryuu, https://www.pixiv.net/artworks/71372485, https://amusementclub.nyc3.cdn.digitaloceanspaces.com/cards/kancolle/2_bunny_soryuu_and_hiryuu.jpg
2, Suzutsuki, Bunnysuit Suzutsuki, https://twitter.com/6thbody/status/970322104112459776, https://amusementclub.nyc3.cdn.digitaloceanspaces.com/cards/kancolle/2_bunnysuit_suzutsuki.jpg
2, Taihou, Bunnysuit Taihou, https://twitter.com/6thbody/status/875344195631759360, https://amusementclub.nyc3.cdn.digitaloceanspaces.com/cards/kancolle/2_bunnysuit_taihou.jpg
2, Aquila/Saratoga, Carrier Maids, https://twitter.com/6thbody/status/1126851415014379521, https://amusementclub.nyc3.cdn.digitaloceanspaces.com/cards/kancolle/2_carrier_maids.jpg
2, Haruna, Catgirl Haruna, https://www.pixiv.net/artworks/50158780, https://amusementclub.nyc3.cdn.digitaloceanspaces.com/cards/kancolle/2_catgirl_haruna.jpg
2, Shigure, Cherry Blossom Shigure, https://www.pixiv.net/artworks/73618894, https://amusementclub.nyc3.cdn.digitaloceanspaces.com/cards/kancolle/2_cherry_blossom_shigure.jpg
2, Chitose/Chiyoda, Chitose Sisters, https://danbooru.donmai.us/posts/1537448, https://amusementclub.nyc3.cdn.digitaloceanspaces.com/cards/kancolle/2_chitose_sisters.jpg
2, Akigumo/Makigumo, Comiket Visit, https://www.pixiv.net/artworks/42005281, https://amusementclub.nyc3.cdn.digitaloceanspaces.com/cards/kancolle/2_comiket_visit.jpg
2, Nagato/Prinz Eugen/Sakawa, Crossroads Reunion, https://twitter.com/i/web/status/710045170922692609, https://amusementclub.nyc3.cdn.digitaloceanspaces.com/cards/kancolle/2_crossroads_reunion.jpg
2, Hamakaze/Isokaze/Tanikaze/Urakaze, Destroyer Division 17, https://twitter.com/i/web/status/1085910562624614400, https://amusementclub.nyc3.cdn.digitaloceanspaces.com/cards/kancolle/2_destroyer_division_17.jpg
2, Arare/Kagerou/Kasumi/Shiranui, Destroyer Division 18, https://danbooru.donmai.us/posts/3065477, https://amusementclub.nyc3.cdn.digitaloceanspaces.com/cards/kancolle/2_destroyer_division_18.jpg
2, Abyssal, Destroyer Hime, https://www.pixiv.net/artworks/56198936, https://amusementclub.nyc3.cdn.digitaloceanspaces.com/cards/kancolle/2_destroyer_hime.jpg
2, Admiral/Kongou, Doting On Kongou, https://www.pixiv.net/artworks/55853361, https://amusementclub.nyc3.cdn.digitaloceanspaces.com/cards/kancolle/2_doting_on_kongou.jpg
2, Duca degli Abruzzi/Giuseppe Garibaldi, Duca Degli Abruzzi Class, https://www.pixiv.net/artworks/76512645, https://amusementclub.nyc3.cdn.digitaloceanspaces.com/cards/kancolle/2_duca_degli_abruzzi_class.jpg
2, Admiral/Shigure/Taigei, End Of Summer, https://www.pixiv.net/artworks/58769396, https://amusementclub.nyc3.cdn.digitaloceanspaces.com/cards/kancolle/2_end_of_summer.jpg
2, Fubuki/Hatsuyuki/Isonami/Miyuki/Murakumo/Shirayuki/Uranami, Fubuki Class, https://www.pixiv.net/artworks/54546573, https://amusementclub.nyc3.cdn.digitaloceanspaces.com/cards/kancolle/2_fubuki_class.jpg
2, Kashima, Garden Duty Kashima, https://www.pixiv.net/artworks/58397125, https://amusementclub.nyc3.cdn.digitaloceanspaces.com/cards/kancolle/2_garden_duty_kashima.jpg
2, Graf Zeppelin, Graf Zeppelins Me Time, https://www.pixiv.net/artworks/54303546, https://amusementclub.nyc3.cdn.digitaloceanspaces.com/cards/kancolle/2_graf_zeppelins_me_time.jpg
2, Abyssal, Harbor Summer Princess, https://www.pixiv.net/artworks/58632284, https://amusementclub.nyc3.cdn.digitaloceanspaces.com/cards/kancolle/2_harbor_summer_princess.jpg
2, Haruna, Haruna Lends A Hand, https://www.pixiv.net/artworks/54911377, https://amusementclub.nyc3.cdn.digitaloceanspaces.com/cards/kancolle/2_haruna_lends_a_hand.jpg
2, Hibiki, Hibikis Cuddly Pet, https://www.pixiv.net/artworks/60926319, https://amusementclub.nyc3.cdn.digitaloceanspaces.com/cards/kancolle/2_hibikis_cuddly_pet.jpg
2, I-13/I-14, Hitomi And Iyo, https://www.pixiv.net/artworks/61715042, https://amusementclub.nyc3.cdn.digitaloceanspaces.com/cards/kancolle/2_hitomi_and_iyo.jpg
2, Inazuma, Inazuma Unleashed, https://www.pixiv.net/artworks/54984467, https://amusementclub.nyc3.cdn.digitaloceanspaces.com/cards/kancolle/2_inazuma_unleashed.jpg
2, Isuzu, Isuzus Holiday, https://www.pixiv.net/artworks/65040818, https://amusementclub.nyc3.cdn.digitaloceanspaces.com/cards/kancolle/2_isuzus_holiday.jpg
2, Janus/Jervis, Janus And Jervis, https://twitter.com/i/web/status/1176822078961381376, https://amusementclub.nyc3.cdn.digitaloceanspaces.com/cards/kancolle/2_janus_and_jervis.jpg
2, Yura, Jumping Right In, https://www.pixiv.net/artworks/53626810, https://amusementclub.nyc3.cdn.digitaloceanspaces.com/cards/kancolle/2_jumping_right_in.jpg
2, Kasumi, Kasumi On The Beach, https://twitter.com/i/web/status/1129915398474743809, https://amusementclub.nyc3.cdn.digitaloceanspaces.com/cards/kancolle/2_kasumi_on_the_beach.jpg
2, Kongou, Kongou Barrage, https://www.pixiv.net/artworks/55501143, https://amusementclub.nyc3.cdn.digitaloceanspaces.com/cards/kancolle/2_kongou_barrage.jpg
2, Haruna/Hiei/Kirishima/Kongou, Kongou Class, https://www.pixiv.net/artworks/40143576, https://amusementclub.nyc3.cdn.digitaloceanspaces.com/cards/kancolle/2_kongou_class.jpg
2, Kiso/Kitakami/Kuma/Ooi/Tama, Kuma Class, https://www.pixiv.net/artworks/64171933, https://amusementclub.nyc3.cdn.digitaloceanspaces.com/cards/kancolle/2_kuma_class.jpg
2, Kumano/Suzuya, Kumano And Suzuya, https://www.pixiv.net/artworks/40229390, https://amusementclub.nyc3.cdn.digitaloceanspaces.com/cards/kancolle/2_kumano_and_suzuya.jpg
2, Abyssal, Light Cruiser Oni, https://www.pixiv.net/artworks/55627486, https://amusementclub.nyc3.cdn.digitaloceanspaces.com/cards/kancolle/2_light_cruiser_oni.jpg
2, Hamakaze, Light Snack, https://twitter.com/kirishina_maru/status/932023203001655297, https://amusementclub.nyc3.cdn.digitaloceanspaces.com/cards/kancolle/2_light_snack.jpg
2, Abyssal, Like Royalty, https://www.pixiv.net/artworks/73995187, https://amusementclub.nyc3.cdn.digitaloceanspaces.com/cards/kancolle/2_like_royalty.jpg
2, Maikaze/Nowaki, Maikaze And Nowaki, https://twitter.com/i/web/status/537254029898686465, https://amusementclub.nyc3.cdn.digitaloceanspaces.com/cards/kancolle/2_maikaze_and_nowaki.jpg
2, Admiral, Mangaka Admiral, https://www.pixiv.net/artworks/51860149, https://amusementclub.nyc3.cdn.digitaloceanspaces.com/cards/kancolle/2_mangaka_admiral.jpg
2, Maruyu, Maruyu-san, https://www.pixiv.net/artworks/45062108, https://amusementclub.nyc3.cdn.digitaloceanspaces.com/cards/kancolle/2_maruyu-san.jpg
2, Maya, Maya Kai Ni, https://www.pixiv.net/artworks/55974701, https://amusementclub.nyc3.cdn.digitaloceanspaces.com/cards/kancolle/2_maya_kai_ni.jpg
2, Chitose, Moonlight Chitose, https://www.pixiv.net/artworks/43876295, https://amusementclub.nyc3.cdn.digitaloceanspaces.com/cards/kancolle/2_moonlight_chitose.jpg
2, Fumizuki/Kikuzuki/Kisaragi/Mikazuki/Minazuki/Mochizuki/Mutsuki/Nagatsuki/Satsuki/Uzuki/Yayoi, Mutsuki Class, https://www.pixiv.net/artworks/62619556, https://amusementclub.nyc3.cdn.digitaloceanspaces.com/cards/kancolle/2_mutsuki_class.jpg
2, Ashigara/Haguro/Myoukou/Nachi, Myoukou Class, https://www.pixiv.net/artworks/68766524, https://amusementclub.nyc3.cdn.digitaloceanspaces.com/cards/kancolle/2_myoukou_class.jpg
2, Abyssal, Northern Imouto, https://www.pixiv.net/artworks/74892478, https://amusementclub.nyc3.cdn.digitaloceanspaces.com/cards/kancolle/2_northern_imouto.jpg
2, Abyssal, Pacific Princess, https://www.pixiv.net/artworks/75304671, https://amusementclub.nyc3.cdn.digitaloceanspaces.com/cards/kancolle/2_pacific_princess.jpg
2, Hiei/Isokaze, Poison Cooking, https://www.pixiv.net/artworks/50585009, https://amusementclub.nyc3.cdn.digitaloceanspaces.com/cards/kancolle/2_poison_cooking.jpg
2, Ro-500, Ro-500 Assault, https://www.pixiv.net/artworks/76250917, https://amusementclub.nyc3.cdn.digitaloceanspaces.com/cards/kancolle/2_ro-500_assault.jpg
2, Ark Royal/Warspite, Royalties, https://danbooru.donmai.us/posts/3107693, https://amusementclub.nyc3.cdn.digitaloceanspaces.com/cards/kancolle/2_royalties.jpg
2, Ryuujou, Ryuujous Day Off, https://twitter.com/wotake_fox/status/969925595344728064, https://amusementclub.nyc3.cdn.digitaloceanspaces.com/cards/kancolle/2_ryuujous_day_off.jpg
2, Uzuki, Sanma Uzuki, https://www.pixiv.net/artworks/71934438, https://amusementclub.nyc3.cdn.digitaloceanspaces.com/cards/kancolle/2_sanma_uzuki.jpg
2, Kaga/Zuikaku, Secret Friends, https://twitter.com/zakii03/status/982257778419888130, https://amusementclub.nyc3.cdn.digitaloceanspaces.com/cards/kancolle/2_secret_friends.jpg
2, Sendai, Send-ice To Sendai, https://www.pixiv.net/artworks/75762812, https://amusementclub.nyc3.cdn.digitaloceanspaces.com/cards/kancolle/2_send-ice_to_sendai.jpg
2, Harusame/Kawakaze/Murasame/Samidare/Shigure/Shiratsuyu/Suzukaze/Umikaze/Yamakaze/Yuudachi, Shiratsuyu Class, https://www.pixiv.net/artworks/73080009, https://amusementclub.nyc3.cdn.digitaloceanspaces.com/cards/kancolle/2_shiratsuyu_class.jpg
2, Shoukaku, Shoukaku Shrine Visit, https://www.pixiv.net/artworks/53671536, https://amusementclub.nyc3.cdn.digitaloceanspaces.com/cards/kancolle/2_shoukaku_shrine_visit.jpg
2, Shoukaku/Zuikaku, Shoukaku-class Carriers, https://www.pixiv.net/artworks/42685076, https://amusementclub.nyc3.cdn.digitaloceanspaces.com/cards/kancolle/2_shoukaku-class_carriers.jpg
2, Yamato, Snow Yamato, https://www.pixiv.net/artworks/40988309, https://amusementclub.nyc3.cdn.digitaloceanspaces.com/cards/kancolle/2_snow_yamato.jpg
2, Tenryuu, Solemn Tenryuu, https://www.pixiv.net/artworks/53543395, https://amusementclub.nyc3.cdn.digitaloceanspaces.com/cards/kancolle/2_solemn_tenryuu.jpg
2, Gangut/Hibiki/Tashkent, Soviet Comrades, https://www.pixiv.net/artworks/68291584, https://amusementclub.nyc3.cdn.digitaloceanspaces.com/cards/kancolle/2_soviet_comrades.jpg
2, Gotland, Starter Ship Gotland, https://twitter.com/i/web/status/1154868767878332416, https://amusementclub.nyc3.cdn.digitaloceanspaces.com/cards/kancolle/2_starter_ship_gotland.jpg
2, Suzutsuki, Suzutsuki, https://www.pixiv.net/artworks/65004850, https://amusementclub.nyc3.cdn.digitaloceanspaces.com/cards/kancolle/2_suzutsuki.jpg
2, Kasumi, Swimsuit Kasumi, https://www.pixiv.net/artworks/76004343, https://amusementclub.nyc3.cdn.digitaloceanspaces.com/cards/kancolle/2_swimsuit_kasumi.jpg
2, Murasame, Swimsuit Murasame, https://www.pixiv.net/artworks/76773313, https://amusementclub.nyc3.cdn.digitaloceanspaces.com/cards/kancolle/2_swimsuit_murasame.jpg
2, Kamikaze, Sword Maiden Kamikaze, https://www.pixiv.net/artworks/56747514, https://amusementclub.nyc3.cdn.digitaloceanspaces.com/cards/kancolle/2_sword_maiden_kamikaze.jpg
2, Tsushima, The Ghost Of Tsushima, https://www.pixiv.net/artworks/68771066, https://amusementclub.nyc3.cdn.digitaloceanspaces.com/cards/kancolle/2_the_ghost_of_tsushima.jpg
2, Matsukaze, Travel Partners, https://www.pixiv.net/artworks/76332793, https://amusementclub.nyc3.cdn.digitaloceanspaces.com/cards/kancolle/2_travel_partners.jpg
2, Shoukaku/Zuikaku, Tropical Cardiv 5, https://www.pixiv.net/artworks/51823456, https://amusementclub.nyc3.cdn.digitaloceanspaces.com/cards/kancolle/2_tropical_cardiv_5.jpg
2, Akebono, Twintails Akebono, https://www.pixiv.net/artworks/75843566, https://amusementclub.nyc3.cdn.digitaloceanspaces.com/cards/kancolle/2_twintails_akebono.jpg
2, Amagi/Katsuragi/Unryuu, Unryuu Sisters, https://twitter.com/i/web/status/706433720538902530, https://amusementclub.nyc3.cdn.digitaloceanspaces.com/cards/kancolle/2_unryuu_sisters.jpg
2, Hibiki, Verniy Jelly Roll, https://www.pixiv.net/artworks/60421508, https://amusementclub.nyc3.cdn.digitaloceanspaces.com/cards/kancolle/2_verniy_jelly_roll.jpg
2, Graf Zeppelin, Waterlogged Graf Zeppelin, https://www.pixiv.net/artworks/63750218, https://amusementclub.nyc3.cdn.digitaloceanspaces.com/cards/kancolle/2_waterlogged_graf_zeppelin.jpg
2, Abyssal, White And Black, https://www.pixiv.net/artworks/61695488, https://amusementclub.nyc3.cdn.digitaloceanspaces.com/cards/kancolle/2_white_and_black.jpg
2, Uzuki/Yayoi, Yayoi And Uzuki, https://www.pixiv.net/artworks/43037678, https://amusementclub.nyc3.cdn.digitaloceanspaces.com/cards/kancolle/2_yayoi_and_uzuki.jpg
2, Yukikaze, Yukikazes Day Off, https://twitter.com/i/web/status/1161230468282384385, https://amusementclub.nyc3.cdn.digitaloceanspaces.com/cards/kancolle/2_yukikazes_day_off.jpg
2, Akigumo/Asashimo/Hayashimo/Kazagumo/Kiyoshimo/Makigumo/Naganami/Takanami/Yuugumo, Yuugumo Class, https://twitter.com/i/web/status/676010015921049604, https://amusementclub.nyc3.cdn.digitaloceanspaces.com/cards/kancolle/2_yuugumo_class.jpg
1, Abukuma, Abukuma, https://seiga.nicovideo.jp/seiga/im9144665, https://amusementclub.nyc3.cdn.digitaloceanspaces.com/cards/kancolle/1_abukuma.jpg
1, Abyssal, Abyssal Headquarters, https://www.pixiv.net/artworks/63740665, https://amusementclub.nyc3.cdn.digitaloceanspaces.com/cards/kancolle/1_abyssal_headquarters.jpg
1, Akagi/Akigumo/Mamiya, Airstrip Sushi Bar, https://www.pixiv.net/artworks/52304276, https://amusementclub.nyc3.cdn.digitaloceanspaces.com/cards/kancolle/1_airstrip_sushi_bar.jpg
1, Akagi, Akagi-too, https://twitter.com/38runy/status/930810266505244672, https://amusementclub.nyc3.cdn.digitaloceanspaces.com/cards/kancolle/1_akagi-too.jpg
1, Akebono, Akebono, https://twitter.com/i/web/status/990137929027629056, https://amusementclub.nyc3.cdn.digitaloceanspaces.com/cards/kancolle/1_akebono.jpg
1, Akigumo, Akigumo, https://www.pixiv.net/artworks/39672163, https://amusementclub.nyc3.cdn.digitaloceanspaces.com/cards/kancolle/1_akigumo.jpg
1, Akitsu Maru, Akitsu Maru, https://www.pixiv.net/artworks/40787499, https://amusementclub.nyc3.cdn.digitaloceanspaces.com/cards/kancolle/1_akitsu_maru.jpg
1, Akitsushima, Akitsushima Lookout, https://www.pixiv.net/artworks/73214251, https://amusementclub.nyc3.cdn.digitaloceanspaces.com/cards/kancolle/1_akitsushima_lookout.jpg
1, Akizuki, Akizuki, https://twitter.com/rin7914/status/536112772967178240, https://amusementclub.nyc3.cdn.digitaloceanspaces.com/cards/kancolle/1_akizuki.jpg
1, Amatsukaze, Amatsukaze Pose, https://www.pixiv.net/artworks/43258459, https://amusementclub.nyc3.cdn.digitaloceanspaces.com/cards/kancolle/1_amatsukaze_pose.jpg
1, Amatsukaze, Amatsukaze Torpedo Twirl, https://www.pixiv.net/artworks/54171824, https://amusementclub.nyc3.cdn.digitaloceanspaces.com/cards/kancolle/1_amatsukaze_torpedo_twirl.jpg
1, Arashio, Ara Ara Arashio, https://www.pixiv.net/artworks/70987460, https://amusementclub.nyc3.cdn.digitaloceanspaces.com/cards/kancolle/1_ara_ara_arashio.jpg
1, Ark Royal, Ark Royal, https://twitter.com/i/web/status/922048222171820033, https://amusementclub.nyc3.cdn.digitaloceanspaces.com/cards/kancolle/1_ark_royal.jpg
1, Asagumo, Asagumo, https://twitter.com/anti_twt/status/627102941497851904, https://amusementclub.nyc3.cdn.digitaloceanspaces.com/cards/kancolle/1_asagumo.jpg
1, Asashio, Asashio, https://www.pixiv.net/artworks/54799878, https://amusementclub.nyc3.cdn.digitaloceanspaces.com/cards/kancolle/1_asashio.jpg
1, Ushio, Bashful Ushio, https://seiga.nicovideo.jp/seiga/im4458943, https://amusementclub.nyc3.cdn.digitaloceanspaces.com/cards/kancolle/1_bashful_ushio.jpg
1, Bismarck, Bismarck, https://www.pixiv.net/artworks/43218841, https://amusementclub.nyc3.cdn.digitaloceanspaces.com/cards/kancolle/1_bismarck.jpg
1, Hatsuzuki, Blushing Hatsuzuki, https://www.pixiv.net/artworks/55400832, https://amusementclub.nyc3.cdn.digitaloceanspaces.com/cards/kancolle/1_blushing_hatsuzuki.jpg
1, Kongou, British Invaders, https://www.pixiv.net/artworks/40385343, https://amusementclub.nyc3.cdn.digitaloceanspaces.com/cards/kancolle/1_british_invaders.jpg
1, Mikazuki, Bunny Mikazuki, https://www.pixiv.net/artworks/67083989, https://amusementclub.nyc3.cdn.digitaloceanspaces.com/cards/kancolle/1_bunny_mikazuki.jpg
1, Hatsuzuki, Bunnysuit Hatsuzuki, https://twitter.com/6thbody/status/981184249544888321, https://amusementclub.nyc3.cdn.digitaloceanspaces.com/cards/kancolle/1_bunnysuit_hatsuzuki.jpg
1, Hayashimo, Bunnysuit Hayashimo, https://twitter.com/6thbody/status/970680335787704320, https://amusementclub.nyc3.cdn.digitaloceanspaces.com/cards/kancolle/1_bunnysuit_hayashimo.jpg
1, Zara, Bunnysuit Zara, https://twitter.com/6thbody/status/1149307710023749632, https://amusementclub.nyc3.cdn.digitaloceanspaces.com/cards/kancolle/1_bunnysuit_zara.jpg
1, Amagi, Camouflaged Amagi, https://www.pixiv.net/artworks/48948992, https://amusementclub.nyc3.cdn.digitaloceanspaces.com/cards/kancolle/1_camouflaged_amagi.jpg
1, Shoukaku/Zuikaku, Cardiv 5 Sundresses, https://www.pixiv.net/artworks/44552533, https://amusementclub.nyc3.cdn.digitaloceanspaces.com/cards/kancolle/1_cardiv_5_sundresses.jpg
1, Amagi, Carrier Amagi, https://www.pixiv.net/artworks/60508045, https://amusementclub.nyc3.cdn.digitaloceanspaces.com/cards/kancolle/1_carrier_amagi.jpg
1, Chitose, Carrier Chitose, https://www.pixiv.net/artworks/53149578, https://amusementclub.nyc3.cdn.digitaloceanspaces.com/cards/kancolle/1_carrier_chitose.jpg
1, Unryuu, Carrier Unryuu, https://www.pixiv.net/artworks/45961964, https://amusementclub.nyc3.cdn.digitaloceanspaces.com/cards/kancolle/1_carrier_unryuu.jpg
1, Zuihou, Carrier Zuihou, https://www.pixiv.net/artworks/42678429, https://amusementclub.nyc3.cdn.digitaloceanspaces.com/cards/kancolle/1_carrier_zuihou.jpg
1, Hibiki, Catgirl Hibiki, https://www.pixiv.net/artworks/62943298, https://amusementclub.nyc3.cdn.digitaloceanspaces.com/cards/kancolle/1_catgirl_hibiki.jpg
1, Chiyoda, Chiyoda, https://www.pixiv.net/artworks/52440949, https://amusementclub.nyc3.cdn.digitaloceanspaces.com/cards/kancolle/1_chiyoda.jpg
1, Naka, Cleaning Duty Naka, https://www.pixiv.net/artworks/47265666, https://amusementclub.nyc3.cdn.digitaloceanspaces.com/cards/kancolle/1_cleaning_duty_naka.jpg
1, Colorado, Colorado, https://twitter.com/i/web/status/1182289073538400257, https://amusementclub.nyc3.cdn.digitaloceanspaces.com/cards/kancolle/1_colorado.jpg
1, Amatsukaze, Common Amatsukaze, https://www.pixiv.net/artworks/60256390, https://amusementclub.nyc3.cdn.digitaloceanspaces.com/cards/kancolle/1_common_amatsukaze.jpg
1, Admiral/Kazagumo, Cooling Off In A Raft, https://www.pixiv.net/artworks/58769396, https://amusementclub.nyc3.cdn.digitaloceanspaces.com/cards/kancolle/1_cooling_off_in_a_raft.jpg
1, Matsuwa, Crybaby Matsuwa, https://seiga.nicovideo.jp/seiga/im6992679, https://amusementclub.nyc3.cdn.digitaloceanspaces.com/cards/kancolle/1_crybaby_matsuwa.jpg
1, Yukikaze, Day Off, https://www.pixiv.net/artworks/76606294, https://amusementclub.nyc3.cdn.digitaloceanspaces.com/cards/kancolle/1_day_off.jpg
1, Kasuga Maru, Escort Carrier Shinyou, https://www.pixiv.net/artworks/70717860, https://amusementclub.nyc3.cdn.digitaloceanspaces.com/cards/kancolle/1_escort_carrier_shinyou.jpg
1, Kasuga Maru, Escort Carrier Taiyou, https://twitter.com/i/web/status/1174703979504132096, https://amusementclub.nyc3.cdn.digitaloceanspaces.com/cards/kancolle/1_escort_carrier_taiyou.jpg
1, Etorofu, Etorofu, https://www.pixiv.net/artworks/62892380, https://amusementclub.nyc3.cdn.digitaloceanspaces.com/cards/kancolle/1_etorofu.jpg
1, I-26, Finding Nimu, https://www.pixiv.net/artworks/58415973, https://amusementclub.nyc3.cdn.digitaloceanspaces.com/cards/kancolle/1_finding_nimu.jpg
1, Fubuki, Fubuki, https://twitter.com/i/web/status/1175045001400569856, https://amusementclub.nyc3.cdn.digitaloceanspaces.com/cards/kancolle/1_fubuki.jpg
1, Fumizuki, Fumizuki, https://www.pixiv.net/artworks/47844063, https://amusementclub.nyc3.cdn.digitaloceanspaces.com/cards/kancolle/1_fumizuki.jpg
1, Gambier Bay, Gambier Bay, https://twitter.com/i/web/status/974284865200795650, https://amusementclub.nyc3.cdn.digitaloceanspaces.com/cards/kancolle/1_gambier_bay.jpg
1, Akebono, Geared Up Akebono, https://www.pixiv.net/artworks/41777927, https://amusementclub.nyc3.cdn.digitaloceanspaces.com/cards/kancolle/1_geared_up_akebono.jpg
1, Amatsukaze, Gift From Amatsukaze, https://www.pixiv.net/artworks/73202509, https://amusementclub.nyc3.cdn.digitaloceanspaces.com/cards/kancolle/1_gift_from_amatsukaze.jpg
1, Giuseppe Garibaldi, Giuseppe Garibaldi, https://www.pixiv.net/artworks/74898871, https://amusementclub.nyc3.cdn.digitaloceanspaces.com/cards/kancolle/1_giuseppe_garibaldi.jpg
1, Gotland, Gotland, https://www.pixiv.net/artworks/71658227, https://amusementclub.nyc3.cdn.digitaloceanspaces.com/cards/kancolle/1_gotland.jpg
1, Wakaba, Gun Wakaba, https://www.pixiv.net/artworks/55881810, https://amusementclub.nyc3.cdn.digitaloceanspaces.com/cards/kancolle/1_gun_wakaba.jpg
1, Hamakaze, Hamakaze, https://www.pixiv.net/artworks/42601052, https://amusementclub.nyc3.cdn.digitaloceanspaces.com/cards/kancolle/1_hamakaze.jpg
1, Yayoi, Happy Yayoi, https://www.pixiv.net/artworks/65582350, https://amusementclub.nyc3.cdn.digitaloceanspaces.com/cards/kancolle/1_happy_yayoi.jpg
1, Haruna, Haruna Crumpets, https://www.pixiv.net/artworks/58699642, https://amusementclub.nyc3.cdn.digitaloceanspaces.com/cards/kancolle/1_haruna_crumpets.jpg
1, Haruna, Haruna Volley, https://www.pixiv.net/artworks/50158780, https://amusementclub.nyc3.cdn.digitaloceanspaces.com/cards/kancolle/1_haruna_volley.jpg
1, Harusame, Harusame, https://www.pixiv.net/artworks/45456249, https://amusementclub.nyc3.cdn.digitaloceanspaces.com/cards/kancolle/1_harusame.jpg
1, Hatsukaze, Hatsukaze, https://www.pixiv.net/artworks/43395147, https://amusementclub.nyc3.cdn.digitaloceanspaces.com/cards/kancolle/1_hatsukaze.jpg
1, Kumano, Heavy Cruiser Kumano, https://www.pixiv.net/artworks/38943009, https://amusementclub.nyc3.cdn.digitaloceanspaces.com/cards/kancolle/1_heavy_cruiser_kumano.jpg
1, Suzuya, Heavy Cruiser Suzuya, https://www.pixiv.net/artworks/40260687, https://amusementclub.nyc3.cdn.digitaloceanspaces.com/cards/kancolle/1_heavy_cruiser_suzuya.jpg
1, Hiei, Hiei Baked Sweets, https://www.pixiv.net/artworks/58699642, https://amusementclub.nyc3.cdn.digitaloceanspaces.com/cards/kancolle/1_hiei_baked_sweets.jpg
1, Asashio, Idea Bulb, https://www.pixiv.net/artworks/76047909, https://amusementclub.nyc3.cdn.digitaloceanspaces.com/cards/kancolle/1_idea_bulb.jpg
1, Fumizuki, Innocent Fumizuki, https://www.pixiv.net/artworks/48408354, https://amusementclub.nyc3.cdn.digitaloceanspaces.com/cards/kancolle/1_innocent_fumizuki.jpg
1, Isokaze, Isokaze, https://twitter.com/i/web/status/1073933633688236032, https://amusementclub.nyc3.cdn.digitaloceanspaces.com/cards/kancolle/1_isokaze.jpg
1, Kaga, Kaga Victory Pose, https://www.pixiv.net/artworks/52335768, https://amusementclub.nyc3.cdn.digitaloceanspaces.com/cards/kancolle/1_kaga_victory_pose.jpg
1, Kaga, Kagatoo, https://twitter.com/38runy/status/930810266505244672, https://amusementclub.nyc3.cdn.digitaloceanspaces.com/cards/kancolle/1_kagatoo.jpg
1, Kasumi, Kasumi Model B, https://www.pixiv.net/artworks/54852639, https://amusementclub.nyc3.cdn.digitaloceanspaces.com/cards/kancolle/1_kasumi_model_b.jpg
1, Katsuragi, Katsuragi, https://www.pixiv.net/artworks/50082396, https://amusementclub.nyc3.cdn.digitaloceanspaces.com/cards/kancolle/1_katsuragi.jpg
1, Kikuzuki, Kikuzuki, https://danbooru.donmai.us/posts/1732373, https://amusementclub.nyc3.cdn.digitaloceanspaces.com/cards/kancolle/1_kikuzuki.jpg
1, Agano, Kirari-n Agano, https://www.pixiv.net/artworks/53320096, https://amusementclub.nyc3.cdn.digitaloceanspaces.com/cards/kancolle/1_kirari-n_agano.jpg
1, Kirishima, Kirishima Shortcake, https://www.pixiv.net/artworks/58699642, https://amusementclub.nyc3.cdn.digitaloceanspaces.com/cards/kancolle/1_kirishima_shortcake.jpg
1, Kitakami/Ooi, Kitakami And Ooi, https://www.pixiv.net/artworks/54076616, https://amusementclub.nyc3.cdn.digitaloceanspaces.com/cards/kancolle/1_kitakami_and_ooi.jpg
1, Kongou, Kongou Tea Time, https://www.pixiv.net/artworks/56004360, https://amusementclub.nyc3.cdn.digitaloceanspaces.com/cards/kancolle/1_kongou_tea_time.jpg
1, Z1, Leberecht Maass, https://www.pixiv.net/artworks/42434608, https://amusementclub.nyc3.cdn.digitaloceanspaces.com/cards/kancolle/1_leberecht_maass.jpg
1, Libeccio, Libeccio, https://www.pixiv.net/artworks/51918496, https://amusementclub.nyc3.cdn.digitaloceanspaces.com/cards/kancolle/1_libeccio.jpg
1, Fumizuki, Lovely Fumizuki, https://www.pixiv.net/artworks/48159048, https://amusementclub.nyc3.cdn.digitaloceanspaces.com/cards/kancolle/1_lovely_fumizuki.jpg
1, Luigi Torelli, Luigi Torelli, https://www.pixiv.net/artworks/64534816, https://amusementclub.nyc3.cdn.digitaloceanspaces.com/cards/kancolle/1_luigi_torelli.jpg
1, Shigure, Maid Shigure, https://www.pixiv.net/artworks/49954862, https://amusementclub.nyc3.cdn.digitaloceanspaces.com/cards/kancolle/1_maid_shigure.jpg
1, Taihou, Maid Taihou, https://www.pixiv.net/artworks/69147314, https://amusementclub.nyc3.cdn.digitaloceanspaces.com/cards/kancolle/1_maid_taihou.jpg
1, Hibiki, Marine Hibiki, https://www.pixiv.net/artworks/49031075, https://amusementclub.nyc3.cdn.digitaloceanspaces.com/cards/kancolle/1_marine_hibiki.jpg
1, Z3, Max Schultz, https://www.pixiv.net/artworks/42614082, https://amusementclub.nyc3.cdn.digitaloceanspaces.com/cards/kancolle/1_max_schultz.jpg
1, Murakumo, Melancholy Murakumo, https://twitter.com/6thbody/status/779917033597054976, https://amusementclub.nyc3.cdn.digitaloceanspaces.com/cards/kancolle/1_melancholy_murakumo.jpg
1, Michishio, Michishio, https://www.pixiv.net/artworks/66082789, https://amusementclub.nyc3.cdn.digitaloceanspaces.com/cards/kancolle/1_michishio.jpg
1, Mikazuki, Mikazuki Bliss, https://www.pixiv.net/artworks/64656842, https://amusementclub.nyc3.cdn.digitaloceanspaces.com/cards/kancolle/1_mikazuki_bliss.jpg
1, Minazuki, Minazuki Pose, https://www.pixiv.net/artworks/63489105, https://amusementclub.nyc3.cdn.digitaloceanspaces.com/cards/kancolle/1_minazuki_pose.jpg
1, Minegumo, Minegumo, https://www.pixiv.net/artworks/76665337, https://amusementclub.nyc3.cdn.digitaloceanspaces.com/cards/kancolle/1_minegumo.jpg
1, Mochizuki, Mochizuki, https://www.pixiv.net/artworks/59119832, https://amusementclub.nyc3.cdn.digitaloceanspaces.com/cards/kancolle/1_mochizuki.jpg
1, Maruyu, Mole-chan Maruyu, https://www.pixiv.net/artworks/40667252, https://amusementclub.nyc3.cdn.digitaloceanspaces.com/cards/kancolle/1_mole-chan_maruyu.jpg
1, Iowa, Most Volleyball Iowa, https://www.pixiv.net/artworks/55428020, https://amusementclub.nyc3.cdn.digitaloceanspaces.com/cards/kancolle/1_most_volleyball_iowa.jpg
1, Murakumo, Murakumos Bikini, https://twitter.com/6thbody/status/1015141851219705856, https://amusementclub.nyc3.cdn.digitaloceanspaces.com/cards/kancolle/1_murakumos_bikini.jpg
1, Murasame, Murasame, https://twitter.com/i/web/status/1087822729103855616, https://amusementclub.nyc3.cdn.digitaloceanspaces.com/cards/kancolle/1_murasame.jpg
1, Nagatsuki, Nagatsuki, https://www.pixiv.net/artworks/74756460, https://amusementclub.nyc3.cdn.digitaloceanspaces.com/cards/kancolle/1_nagatsuki.jpg
1, Nelson, Nelson, https://www.pixiv.net/artworks/71157827, https://amusementclub.nyc3.cdn.digitaloceanspaces.com/cards/kancolle/1_nelson.jpg
1, Abyssal, Northern Princess, https://www.pixiv.net/artworks/54218556, https://amusementclub.nyc3.cdn.digitaloceanspaces.com/cards/kancolle/1_northern_princess.jpg
1, Abyssal, Northern Princess Sisters, https://www.pixiv.net/artworks/74903603, https://amusementclub.nyc3.cdn.digitaloceanspaces.com/cards/kancolle/1_northern_princess_sisters.jpg
1, Noshiro, Noshiro, https://twitter.com/i/web/status/938055881614245888, https://amusementclub.nyc3.cdn.digitaloceanspaces.com/cards/kancolle/1_noshiro.jpg
1, Nagatsuki, Nyagatsuki, https://www.pixiv.net/artworks/73963958, https://amusementclub.nyc3.cdn.digitaloceanspaces.com/cards/kancolle/1_nyagatsuki.jpg
1, Abyssal, Oni Tsundere, https://www.pixiv.net/artworks/69598518, https://amusementclub.nyc3.cdn.digitaloceanspaces.com/cards/kancolle/1_oni_tsundere.jpg
1, Ooshio, Ooshio, https://twitter.com/i/web/status/1149770808715169792, https://amusementclub.nyc3.cdn.digitaloceanspaces.com/cards/kancolle/1_ooshio.jpg
1, Sendai, Pre-night Battle Smile, https://www.pixiv.net/artworks/66181233, https://amusementclub.nyc3.cdn.digitaloceanspaces.com/cards/kancolle/1_pre-night_battle_smile.jpg
1, Ooi, Present From Ooi, https://twitter.com/6thbody/status/963416967318192128, https://amusementclub.nyc3.cdn.digitaloceanspaces.com/cards/kancolle/1_present_from_ooi.jpg
1, Abyssal/Admiral, Princess Meets Prince, https://www.pixiv.net/artworks/45983656, https://amusementclub.nyc3.cdn.digitaloceanspaces.com/cards/kancolle/1_princess_meets_prince.jpg
1, Prinz Eugen, Prinz Eugen, https://www.pixiv.net/artworks/47279550, https://amusementclub.nyc3.cdn.digitaloceanspaces.com/cards/kancolle/1_prinz_eugen.jpg
1, Ro-500, Ro-chan, https://twitter.com/atutoku/status/1169637583090905088, https://amusementclub.nyc3.cdn.digitaloceanspaces.com/cards/kancolle/1_ro-chan.jpg
1, Sado, Sado-sama, https://twitter.com/i/web/status/1004733604751015936, https://amusementclub.nyc3.cdn.digitaloceanspaces.com/cards/kancolle/1_sado-sama.jpg
1, Samidare, Samidares Fav Food, https://www.pixiv.net/artworks/72059709, https://amusementclub.nyc3.cdn.digitaloceanspaces.com/cards/kancolle/1_samidares_fav_food.jpg
1, Samuel B. Roberts, Samuel B Roberts, https://www.pixiv.net/artworks/68425559, https://amusementclub.nyc3.cdn.digitaloceanspaces.com/cards/kancolle/1_samuel_b_roberts.jpg
1, Saratoga, Saratoga Of The Orient, https://twitter.com/6thbody/status/836955072479158273, https://amusementclub.nyc3.cdn.digitaloceanspaces.com/cards/kancolle/1_saratoga_of_the_orient.jpg
1, Saratoga, Saratogas Air Support, https://www.pixiv.net/artworks/62977369, https://amusementclub.nyc3.cdn.digitaloceanspaces.com/cards/kancolle/1_saratogas_air_support.jpg
1, Satsuki, Satsuki, https://www.pixiv.net/artworks/55697036, https://amusementclub.nyc3.cdn.digitaloceanspaces.com/cards/kancolle/1_satsuki.jpg
1, Sazanami, Sazanami, https://www.pixiv.net/artworks/38213308, https://amusementclub.nyc3.cdn.digitaloceanspaces.com/cards/kancolle/1_sazanami.jpg
1, Sendai, Sendai Kai Ni, https://www.pixiv.net/artworks/75748431, https://amusementclub.nyc3.cdn.digitaloceanspaces.com/cards/kancolle/1_sendai_kai_ni.jpg
1, Sendai, Sendai Strike, https://www.pixiv.net/artworks/62978912, https://amusementclub.nyc3.cdn.digitaloceanspaces.com/cards/kancolle/1_sendai_strike.jpg
1, Sendai, Sendais Shark Plushie, https://www.pixiv.net/artworks/75378486, https://amusementclub.nyc3.cdn.digitaloceanspaces.com/cards/kancolle/1_sendais_shark_plushie.jpg
1, Sakawa, Serious Sakawa, https://www.pixiv.net/artworks/44252774, https://amusementclub.nyc3.cdn.digitaloceanspaces.com/cards/kancolle/1_serious_sakawa.jpg
1, Samidare/Shigure, Shigure And Samidare, https://www.pixiv.net/artworks/68931142, https://amusementclub.nyc3.cdn.digitaloceanspaces.com/cards/kancolle/1_shigure_and_samidare.jpg
1, Shigure, Shigures Launch, https://www.pixiv.net/artworks/74799649, https://amusementclub.nyc3.cdn.digitaloceanspaces.com/cards/kancolle/1_shigures_launch.jpg
1, I-400/I-401, Shion And Shioi, https://www.pixiv.net/artworks/66451352, https://amusementclub.nyc3.cdn.digitaloceanspaces.com/cards/kancolle/1_shion_and_shioi.jpg
1, Taigei, Shopping Duty Taigei, https://www.pixiv.net/artworks/47251593, https://amusementclub.nyc3.cdn.digitaloceanspaces.com/cards/kancolle/1_shopping_duty_taigei.jpg
1, Shoukaku, Shoukakus New Power, https://www.pixiv.net/artworks/53670589, https://amusementclub.nyc3.cdn.digitaloceanspaces.com/cards/kancolle/1_shoukakus_new_power.jpg
1, Akatsuki/Hibiki/Ikazuchi/Inazuma, Sixth Destroyer Cornvision, https://www.pixiv.net/artworks/75863234, https://amusementclub.nyc3.cdn.digitaloceanspaces.com/cards/kancolle/1_sixth_destroyer_cornvision.jpg
1, Akagi/Kaga, Sleeping Soundly, https://www.pixiv.net/artworks/44915183, https://amusementclub.nyc3.cdn.digitaloceanspaces.com/cards/kancolle/1_sleeping_soundly.jpg
1, Murasame, Snowy Murasame, https://twitter.com/i/web/status/1091346115935391744, https://amusementclub.nyc3.cdn.digitaloceanspaces.com/cards/kancolle/1_snowy_murasame.jpg
1, Yamakaze, Summer Yamakaze, https://www.pixiv.net/artworks/70107233, https://amusementclub.nyc3.cdn.digitaloceanspaces.com/cards/kancolle/1_summer_yamakaze.jpg
1, Jintsuu, Sunset Jintsuu, https://www.pixiv.net/artworks/53381177, https://amusementclub.nyc3.cdn.digitaloceanspaces.com/cards/kancolle/1_sunset_jintsuu.jpg
1, Yahagi, Sunset Yahagi, https://www.pixiv.net/artworks/74078181, https://amusementclub.nyc3.cdn.digitaloceanspaces.com/cards/kancolle/1_sunset_yahagi.jpg
1, Zuikaku, Sunset Zuikaku, https://www.pixiv.net/artworks/47595784, https://amusementclub.nyc3.cdn.digitaloceanspaces.com/cards/kancolle/1_sunset_zuikaku.jpg
1, Suzutsuki, Suzu-squash, https://twitter.com/eber_accebeR/status/933714586401828864, https://amusementclub.nyc3.cdn.digitaloceanspaces.com/cards/kancolle/1_suzu-squash.jpg
1, Yura, Swimsuit Yura, https://www.pixiv.net/artworks/65131273, https://amusementclub.nyc3.cdn.digitaloceanspaces.com/cards/kancolle/1_swimsuit_yura.jpg
1, Z1, Swimsuit Z1, https://twitter.com/i/web/status/1165596958209101824, https://amusementclub.nyc3.cdn.digitaloceanspaces.com/cards/kancolle/1_swimsuit_z1.jpg
1, Z3, Swimsuit Z3, https://twitter.com/i/web/status/1005041569311756289, https://amusementclub.nyc3.cdn.digitaloceanspaces.com/cards/kancolle/1_swimsuit_z3.jpg
1, Tanikaze, Tanikaze, https://www.pixiv.net/artworks/44445238, https://amusementclub.nyc3.cdn.digitaloceanspaces.com/cards/kancolle/1_tanikaze.jpg
1, Tatsuta, Tatsuta Twirl, https://www.pixiv.net/artworks/63189457, https://amusementclub.nyc3.cdn.digitaloceanspaces.com/cards/kancolle/1_tatsuta_twirl.jpg
1, Kongou, Tea Time Desu, https://www.pixiv.net/artworks/49383627, https://amusementclub.nyc3.cdn.digitaloceanspaces.com/cards/kancolle/1_tea_time_desu.jpg
1, Mogami, The Last Mogami, https://www.pixiv.net/artworks/57377544, https://amusementclub.nyc3.cdn.digitaloceanspaces.com/cards/kancolle/1_the_last_mogami.jpg
1, I-58, The Orel Cruise, https://www.pixiv.net/artworks/48472221, https://amusementclub.nyc3.cdn.digitaloceanspaces.com/cards/kancolle/1_the_orel_cruise.jpg
1, Tone, Tone Kai Ni, https://twitter.com/6thbody/status/875941321243975680, https://amusementclub.nyc3.cdn.digitaloceanspaces.com/cards/kancolle/1_tone_kai_ni.jpg
1, Kiso, Torpedo Cruiser Kiso, https://twitter.com/i/web/status/930443699196108800, https://amusementclub.nyc3.cdn.digitaloceanspaces.com/cards/kancolle/1_torpedo_cruiser_kiso.jpg
1, Tsushima, Tsushima, https://www.pixiv.net/artworks/66936067, https://amusementclub.nyc3.cdn.digitaloceanspaces.com/cards/kancolle/1_tsushima.jpg
1, Oboro, Umbrella Oboro, https://www.pixiv.net/artworks/50548952, https://amusementclub.nyc3.cdn.digitaloceanspaces.com/cards/kancolle/1_umbrella_oboro.jpg
1, Unryuu, Unryuu Or Two, https://www.pixiv.net/artworks/72621943, https://amusementclub.nyc3.cdn.digitaloceanspaces.com/cards/kancolle/1_unryuu_or_two.jpg
1, Urakaze, Urakaze, https://twitter.com/i/web/status/807528267754283009, https://amusementclub.nyc3.cdn.digitaloceanspaces.com/cards/kancolle/1_urakaze.jpg
1, Uzuki, Uzuki Pyon, https://seiga.nicovideo.jp/seiga/im9671014, https://amusementclub.nyc3.cdn.digitaloceanspaces.com/cards/kancolle/1_uzuki_pyon.jpg
1, Warspite, Warspites Warmsmile, https://www.pixiv.net/artworks/59516378, https://amusementclub.nyc3.cdn.digitaloceanspaces.com/cards/kancolle/1_warspites_warmsmile.jpg
1, Suzuya, Winking Suzuya, https://www.pixiv.net/artworks/65592662, https://amusementclub.nyc3.cdn.digitaloceanspaces.com/cards/kancolle/1_winking_suzuya.jpg
1, Yamagumo, Yamagumo, https://www.pixiv.net/artworks/48429215, https://amusementclub.nyc3.cdn.digitaloceanspaces.com/cards/kancolle/1_yamagumo.jpg
1, Yahagi, Yamatos Twin Sister Yahagi, https://www.pixiv.net/artworks/69620222, https://amusementclub.nyc3.cdn.digitaloceanspaces.com/cards/kancolle/1_yamatos_twin_sister_yahagi.jpg
1, Kongou, Yes Admiral, https://twitter.com/_konkito/status/1163813448397885442, https://amusementclub.nyc3.cdn.digitaloceanspaces.com/cards/kancolle/1_yes_admiral.jpg
1, Yuudachi, Yuudachi Grin, https://www.pixiv.net/artworks/68186257, https://amusementclub.nyc3.cdn.digitaloceanspaces.com/cards/kancolle/1_yuudachi_grin.jpg
1, Yuudachi, Yuudachi Kai Ni, https://www.pixiv.net/artworks/57420202, https://amusementclub.nyc3.cdn.digitaloceanspaces.com/cards/kancolle/1_yuudachi_kai_ni.jpg
1, Yuudachi, Yuudachi Volley, https://www.pixiv.net/artworks/76324460, https://amusementclub.nyc3.cdn.digitaloceanspaces.com/cards/kancolle/1_yuudachi_volley.jpg
1, Akebono/Zuihou, Zuihoubono, https://www.pixiv.net/artworks/48186690, https://amusementclub.nyc3.cdn.digitaloceanspaces.com/cards/kancolle/1_zuihoubono.jpg
1, Zuikaku, Zuikakus New Power, https://www.pixiv.net/artworks/53670589, https://amusementclub.nyc3.cdn.digitaloceanspaces.com/cards/kancolle/1_zuikakus_new_power.jpg
